<?xml version="1.0" encoding="UTF-8"?>
<project-private xmlns="http://www.netbeans.org/ns/project-private/1">
    <editor-bookmarks xmlns="http://www.netbeans.org/ns/editor-bookmarks/2" lastBookmarkId="0"/>
    <open-files xmlns="http://www.netbeans.org/ns/projectui-open-files/2">
        <group>
            <file>file:/E:/Facamp/Laboratório%20de%20Programação/aula2/src/aula2/Questao1.java</file>
            <file>file:/E:/Facamp/Laboratório%20de%20Programação/aula2/src/aula2/Questao6.java</file>
            <file>file:/E:/Facamp/Laboratório%20de%20Programação/aula2/src/aula2/Questao5.java</file>
            <file>file:/E:/Facamp/Laboratório%20de%20Programação/aula2/src/aula2/Questao2.java</file>
            <file>file:/E:/Facamp/Laboratório%20de%20Programação/aula2/src/aula2/Questao7.java</file>
            <file>file:/E:/Facamp/Laboratório%20de%20Programação/aula2/src/aula2/Questao3.java</file>
            <file>file:/E:/Facamp/Laboratório%20de%20Programação/aula2/src/aula2/Questao4.java</file>
        </group>
    </open-files>
</project-private>
